epoch,loss,mse,val_loss,val_mse
0,8.818804740905762,8.818806648254395,5.938521385192871,5.938520908355713
